[
  {
    "Close": 5970.0,
    "High": 5971.85,
    "Low": 5867.0,
    "Name": "APOLLO HOSPITALS.",
    "Open": 5938.3,
    "change": -0.0500000000001819,
    "id": 9,
    "percent": -0.0008375139236720278,
    "symbol": "APOLLOHOSP.NS",
    "volume": 608807
  },
  {
    "Close": 2870.0,
    "High": 2910.2,
    "Low": 2867.0,
    "Name": "ASIAN PAINTS LTD",
    "Open": 2910.2,
    "change": -33.75,
    "id": 10,
    "percent": -1.162290142057684,
    "symbol": "ASIANPAINT.NS",
    "volume": 755822
  },
  {
    "Close": 1172.95,
    "High": 1177.0,
    "Low": 1160.6,
    "Name": "AXIS BANK",
    "Open": 1165.5,
    "change": 7.7000000000000455,
    "id": 3,
    "percent": 0.6608024029178327,
    "symbol": "AXISBANK.NS",
    "volume": 8814997
  },
  {
    "Close": 8966.4,
    "High": 9024.0,
    "Low": 8870.1,
    "Name": "BAJAJ AUTO LTD",
    "Open": 8980.0,
    "change": 2.9499999999989086,
    "id": 11,
    "percent": 0.03291143477119757,
    "symbol": "BAJAJ-AUTO.NS",
    "volume": 455920
  },
  {
    "Close": 6828.8,
    "High": 6910.0,
    "Low": 6793.0,
    "Name": "BAJAJ FINANCE LTD",
    "Open": 6820.0,
    "change": 2.1500000000005457,
    "id": 12,
    "percent": 0.031494217515187474,
    "symbol": "BAJFINANCE.NS",
    "volume": 742043
  },
  {
    "Close": 1605.0,
    "High": 1620.0,
    "Low": 1597.05,
    "Name": "BAJAJ FINSERV LTD",
    "Open": 1609.0,
    "change": -3.4500000000000455,
    "id": 13,
    "percent": -0.21449221300009605,
    "symbol": "BAJAJFINSV.NS",
    "volume": 566278
  }, 
  {
    "Close": 654.7,
    "High": 663.35,
    "Low": 641.6,
    "Name": "BHARAT PETROL CORP",
    "Open": 647.0,
    "change": 7.25,
    "id": 14,
    "percent": 1.1197775890030117,
    "symbol": "BPCL.NS",
    "volume": 8104262
  },
  {
    "Close": 1389.5,
    "High": 1397.75,
    "Low": 1374.05,
    "Name": "BHARTI AIRTEL LTD",
    "Open": 1375.5,
    "change": 15.450000000000045,
    "id": 15,
    "percent": 1.1244132309595753,
    "symbol": "BHARTIARTL.NS",
    "volume": 5622368
  },
  {
    "Close": 5247.0,
    "High": 5285.15,
    "Low": 5219.0,
    "Name": "BRITANNIA INDS",
    "Open": 5260.1,
    "change": -34.149999999999636,
    "id": 16,
    "percent": -0.6466394629957422,
    "symbol": "BRITANNIA.NS",
    "volume": 268208
  },
  {
    "Close": 1486.7,
    "High": 1493.9,
    "Low": 1479.05,
    "Name": "CIPLA LTD",
    "Open": 1489.15,
    "change": -2.4500000000000455,
    "id": 17,
    "percent": -0.1645233858241309,
    "symbol": "CIPLA.NS",
    "volume": 758326
  },
  {
    "Close": 500.15,
    "High": 505.4,
    "Low": 489.15,
    "Name": "COAL INDIA LTD",
    "Open": 495.95,
    "change": 2.849999999999966,
    "id": 18,
    "percent": 0.5730947114417788,
    "symbol": "COALINDIA.NS",
    "volume": 12190536
  },
  {
    "Close": 4116.0,
    "High": 4175.0,
    "Low": 4105.55,
    "Name": "DIVI'S LABORATORIE",
    "Open": 4113.0,
    "change": 3.0,
    "id": 19,
    "percent": 0.07293946024799416,
    "symbol": "DIVISLAB.NS",
    "volume": 612183
  },
  {
    "Close": 5867.0,
    "High": 5909.1,
    "Low": 5838.5,
    "Name": "DR REDDYS LABS",
    "Open": 5896.4,
    "change": -30.699999999999818,
    "id": 20,
    "percent": -0.5205419061668077,
    "symbol": "DRREDDY.NS",
    "volume": 424443
  },
  {
    "Close": 2443.65,
    "High": 2474.8,
    "Low": 2431.6,
    "Name": "GRASIM INDUSTRIES",
    "Open": 2449.75,
    "change": -10.150000000000091,
    "id": 22,
    "percent": -0.41364414377700265,
    "symbol": "GRASIM.NS",
    "volume": 483000
  },
  {
    "Close": 1342.5,
    "High": 1360.0,
    "Low": 1340.85,
    "Name": "HCL TECHNOLOGIES",
    "Open": 1360.0,
    "change": -11.049999999999955,
    "id": 23,
    "percent": -0.8163717631413656,
    "symbol": "HCLTECH.NS",
    "volume": 1769966
  },
  {
    "Close": 565.2,
    "High": 571.8,
    "Low": 563.45,
    "Name": "HDFC LIFE INSURANC",
    "Open": 565.0,
    "change": -0.4499999999999318,
    "id": 24,
    "percent": -0.07955449482894578,
    "symbol": "HDFCLIFE.NS",
    "volume": 3433290
  },
  {
    "Close": 5105.0,
    "High": 5198.15,
    "Low": 5080.05,
    "Name": "HERO MOTOCORP LTD",
    "Open": 5105.1,
    "change": -40.19999999999982,
    "id": 25,
    "percent": -0.7813107362201628,
    "symbol": "HEROMOTOCO.NS",
    "volume": 458258
  },
  {
    "Close": 678.8,
    "High": 690.45,
    "Low": 671.05,
    "Name": "HINDALCO INDS",
    "Open": 679.25,
    "change": 2.0,
    "id": 26,
    "percent": 0.2955082742316785,
    "symbol": "HINDALCO.NS",
    "volume": 15930052
  },
  {
    "Close": 436.55,
    "High": 442.45,
    "Low": 435.3,
    "Name": "ITC LTD",
    "Open": 441.0,
    "change": -4.800000000000011,
    "id": 28,
    "percent": -1.0875722215928427,
    "symbol": "ITC.NS",
    "volume": 12761457
  },
  {
  "Close": 1516.5,
  "High": 1519.9,
  "Low": 1486.0,
  "Name": "HDFC BANK",
  "Open": 1487.5,
  "change": 23.90000000000009,
  "id": 1,
  "percent": 1.601232748224581,
  "symbol": "HDFCBANK.NS",
  "volume": 15530103
},
{
  "Close": 3621.0,
  "High": 3659.0,
  "Low": 3582.3,
  "Name": "LARSEN & TOUBRO",
  "Open": 3586.0,
  "change": 35.59999999999991,
  "id": 32,
  "percent": 0.9929157137278939,
  "symbol": "LT.NS",
  "volume": 2740360
},
{
  "Close": 10237.95,
  "High": 10369.0,
  "Low": 10122.55,
  "Name": "ULTRATECH CEMENT",
  "Open": 10165.0,
  "change": 67.45000000000073,
  "id": 49,
  "percent": 0.663192566737139,
  "symbol": "ULTRACEMCO.NS",
  "volume": 519418
},

{
  "Close": 374.5,
  "High": 378.15,
  "Low": 368.7,
  "Name": "NTPC LTD",
  "Open": 373.0,
  "change": 2.1999999999999886,
  "id": 35,
  "percent": 0.5909213000268569,
  "symbol": "NTPC.NS",
  "volume": 13317821
},

{
  "Close": 4880.15,
  "High": 4908.0,
  "Low": 4807.4,
  "Name": "EICHER MOTORS",
  "Open": 4822.5,
  "change": 27.299999999999272,
  "id": 21,
  "percent": 0.5625560237798257,
  "symbol": "EICHERMOT.NS",
  "volume": 545727
},
{
  "Close": 13000.05,
  "High": 13034.0,
  "Low": 12811.0,
  "Name": "MARUTI SUZUKI IND",
  "Open": 12865.0,
  "change": 65.14999999999964,
  "id": 34,
  "percent": 0.5036761010908444,
  "symbol": "MARUTI.NS",
  "volume": 624801
},
{
  "Close": 4844.0,
  "High": 4860.0,
  "Low": 4821.5,
  "Name": "LTIMINDTREE LIMITED",
  "Open": 4843.0,
  "change": 12.699999999999818,
  "id": 31,
  "percent": 0.26286920704571887,
  "symbol": "LTIM.NS",
  "volume": 233454
},
{
  "Close": 1443.55,
  "High": 1448.75,
  "Low": 1427.85,
  "Name": "INDUSIND BANK LTD",
  "Open": 1441.0,
  "change": 2.7000000000000455,
  "id": 6,
  "percent": 0.1873893882083524,
  "symbol": "INDUSINDBK.NS",
  "volume": 2155290
},
{
  "Close": 2404.0,
  "High": 2428.95,
  "Low": 2362.7,
  "Name": "SHRIRAM FINANCE LIMITED",
  "Open": 2399.85,
  "change": 3.550000000000182,
  "id": 41,
  "percent": 0.1478889374908947,
  "symbol": "SHRIRAMFIN.NS",
  "volume": 975465
},
{
  "Close": 1132.4,
  "High": 1135.0,
  "Low": 1124.15,
  "Name": "ICICI BANK",
  "Open": 1130.0,
  "change": -2.099999999999909,
  "id": 2,
  "percent": -0.18510356985455345,
  "symbol": "ICICIBANK.NS",
  "volume": 6312670
},
{
  "Close": 3381.0,
  "High": 3457.85,
  "Low": 3355.6,
  "Name": "ADANI ENTERPRISES",
  "Open": 3406.0,
  "change": -6.300000000000182,
  "id": 7,
  "percent": -0.1859888406695652,
  "symbol": "ADANIENT.NS",
  "volume": 3473668
},
{
  "Close": 319.05,
  "High": 322.95,
  "Low": 317.4,
  "Name": "POWER GRID CORP",
  "Open": 318.0,
  "change": -0.8499999999999659,
  "id": 38,
  "percent": -0.26570803376053953,
  "symbol": "POWERGRID.NS",
  "volume": 15058182
},
{
  "Close": 282.65,
  "High": 285.95,
  "Low": 281.85,
  "Name": "OIL & NATURAL GAS",
  "Open": 284.0,
  "change": -0.8000000000000114,
  "id": 37,
  "percent": -0.2822367260539818,
  "symbol": "ONGC.NS",
  "volume": 11041667
},
{
  "Close": 2467.0,
  "High": 2485.0,
  "Low": 2458.05,
  "Name": "NESTLE INDIA",
  "Open": 2476.95,
  "change": -7.150000000000091,
  "id": 36,
  "percent": -0.28898813734010026,
  "symbol": "NESTLEIND.NS",
  "volume": 453772
},
{
  "Close": 174.9,
  "High": 177.55,
  "Low": 174.15,
  "Name": "TATA STEEL LTD",
  "Open": 174.95,
  "change": -0.5999999999999943,
  "id": 46,
  "percent": -0.3418803418803386,
  "symbol": "TATASTEEL.NS",
  "volume": 38674485
},
{
  "Close": 958.9,
  "High": 970.95,
  "Low": 958.0,
  "Name": "TATA MOTORS LTD.",
  "Open": 962.5,
  "change": -3.4500000000000455,
  "id": 45,
  "percent": -0.3584974281706287,
  "symbol": "TATAMOTORS.NS",
  "volume": 9590588
},
{
  "Close": 1702.0,
  "High": 1717.85,
  "Low": 1694.7,
  "Name": "KOTAK MAHINDRA BAN",
  "Open": 1711.0,
  "change": -7.0499999999999545,
  "id": 5,
  "percent": -0.4125098739065536,
  "symbol": "KOTAKBANK.NS",
  "volume": 4936177
},
{
  "Close": 2959.0,
  "High": 2977.0,
  "Low": 2952.2,
  "Name": "RELIANCE INDS",
  "Open": 2967.25,
  "change": -13.099999999999909,
  "id": 39,
  "percent": -0.44076578849971093,
  "symbol": "RELIANCE.NS",
  "volume": 3547388
},
{
  "Close": 828.0,
  "High": 841.25,
  "Low": 827.0,
  "Name": "STATE BK OF INDIA",
  "Open": 830.0,
  "change": -4.100000000000023,
  "id": 4,
  "percent": -0.4927292392741285,
  "symbol": "SBIN.NS",
  "volume": 12252075
},
{
  "Close": 1487.0,
  "High": 1505.7,
  "Low": 1477.1,
  "Name": "SUN PHARMACEUTICAL",
  "Open": 1504.0,
  "change": -8.099999999999909,
  "id": 42,
  "percent": -0.5417697812855267,
  "symbol": "SUNPHARMA.NS",
  "volume": 5307322
},
{
  "Close": 2366.75,
  "High": 2383.25,
  "Low": 2364.7,
  "Name": "HINDUSTAN UNILEVER",
  "Open": 2378.5,
  "change": -15.75,
  "id": 27,
  "percent": -0.6610703043022036,
  "symbol": "HINDUNILVR.NS",
  "volume": 974100
},
{
  "Close": 1462.6,
  "High": 1475.5,
  "Low": 1460.0,
  "Name": "INFOSYS LTD",
  "Open": 1468.25,
  "change": -9.800000000000182,
  "id": 29,
  "percent": -0.6655800054333184,
  "symbol": "INFY.NS",
  "volume": 5277938
},
{
  "Close": 1437.0,
  "High": 1448.45,
  "Low": 1433.45,
  "Name": "SBI LIFE INSURANCE",
  "Open": 1442.5,
  "change": -9.799999999999955,
  "id": 40,
  "percent": -0.6773569256289712,
  "symbol": "SBILIFE.NS",
  "volume": 487961
},
{
  "Close": 462.15,
  "High": 470.5,
  "Low": 462.0,
  "Name": "WIPRO LTD",
  "Open": 467.0,
  "change": -3.650000000000034,
  "id": 50,
  "percent": -0.7835981107771648,
  "symbol": "WIPRO.NS",
  "volume": 4102763
},
{
  "Close": 3850.95,
  "High": 3883.8,
  "Low": 3844.3,
  "Name": "TATA CONSULTANCY S",
  "Open": 3878.25,
  "change": -42.5,
  "id": 43,
  "percent": -1.0915768791174922,
  "symbol": "TCS.NS",
  "volume": 1309452
},

{
  "Close": 3411.0,
  "High": 3455.05,
  "Low": 3404.2,
  "Name": "TITAN COMPANY LTD",
  "Open": 3452.1,
  "change": -41.05000000000018,
  "id": 48,
  "percent": -1.1891484769919376,
  "symbol": "TITAN.NS",
  "volume": 878625
},
{
  "Close": 906.05,
  "High": 925.0,
  "Low": 906.05,
  "Name": "JSW STEEL LTD",
  "Open": 915.0,
  "change": -10.950000000000045,
  "id": 30,
  "percent": -1.1941112322791763,
  "symbol": "JSWSTEEL.NS",
  "volume": 2113036
},
{
  "Close": 2576.45,
  "High": 2605.0,
  "Low": 2572.4,
  "Name": "MAHINDRA &MAHINDRA",
  "Open": 2589.8,
  "change": -32.75,
  "id": 33,
  "percent": -1.2551739996933926,
  "symbol": "M&M.NS",
  "volume": 2919241
},
{
  "Close": 1318.55,
  "High": 1345.0,
  "Low": 1318.0,
  "Name": "TECH MAHINDRA",
  "Open": 1337.5,
  "change": -18.950000000000045,
  "id": 47,
  "percent": -1.4168224299065455,
  "symbol": "TECHM.NS",
  "volume": 1288301
},
{
  "Close": 1099.05,
  "High": 1111.0,
  "Low": 1096.0,
  "Name": "TATA CONSUMER PRODUCT LTD",
  "Open": 1111.0,
  "change": -18.90000000000009,
  "id": 44,
  "percent": -1.690594391520201,
  "symbol": "TATACONSUM.NS",
  "volume": 1424791
},
{
  "Close": 1416.9,
  "High": 1444.95,
  "Low": 1382.15,
  "Name": "ADANI PORT SPECIAL",
  "Open": 1435.0,
  "change": -26.449999999999818,
  "id": 8,
  "percent": -1.8325423493954909,
  "symbol": "ADANIPORTS.NS",
  "volume": 19100263
}
]